LOAD CENTRE - A  GENERATOR PLANT| C110 ,,,,,,,,,,,,,,
ADDRESS ID,AREA ID,AL01DL01DRESS,ADDRESS LABEL, ROOM NO / ADDRESS LABEL, ROOM NO,ADDRESS LABEL,INTERFACE,,,,,,,
1,ZONE-02,N171L01M001,C110-GF-Y036-0201-RM-001, / GAS BOTTLE ENCLOSURE 01,,GAS BOTTLE ENCLOSURE 01,,,,,,,,
2,ZONE-02,N171L01M006,C110-GF-Y036-0201-MM-006, / GAS BOTTLE ENCLOSURE 01,,GAS BOTTLE ENCLOSURE 01,,,,,,,,
3,ZONE-02,N171L01M150,C110-GF-Y036-0201-MM-150, / GAS BOTTLE ENCLOSURE 01,,GAS BOTTLE ENCLOSURE 01,,,,,,,,
4,ZONE-02,N171L01M151,C110-GF-Y036-0201-MM-151, / GAS BOTTLE ENCLOSURE 01,,GAS BOTTLE ENCLOSURE 01,,,,,,,,
5,ZONE-02,N171L01M007,C110-GF-Y036-0201-MM-007, / GAS BOTTLE ENCLOSURE 01,,GAS BOTTLE ENCLOSURE 01,,,,,,,,
6,ZONE-02,N171L01M008,C110-GF-Y036-0201-MM-008, / GAS BOTTLE ENCLOSURE 01,,GAS BOTTLE ENCLOSURE 01,,,,,,,,
7,ZONE-02,N171L01M009,C110-GF-Y036-0201-MM-009, / GAS BOTTLE ENCLOSURE 01,,GAS BOTTLE ENCLOSURE 01,,,,,,,,
8,ZONE-02,N171L01M109,C110-GF-Y036-0201-MM-109, / GAS BOTTLE ENCLOSURE 01,,GAS BOTTLE ENCLOSURE 01,,,,,,,,
9,ZONE-01,N171L01M002,C110-GF-Y036-0201-MM-002,02-GF-TR-28 / GENERATOR HALL,02-GF-TR-28,GENERATOR HALL,,,,,,,,
10,ZONE-01,N171L01M003,C110-GF-Y036-0201-MM-003,02-GF-TR-28 / GENERATOR HALL,02-GF-TR-28,GENERATOR HALL,,,,,,,,
11,ZONE-02,N171L01M004,C110-GF-Y036-0201-MM-004, / GAS BOTTLE ENCLOSURE 01,,GAS BOTTLE ENCLOSURE 01,,,,,,,,
12,ZONE-02,N171L01M005,C110-GF-Y036-0201-MM-005, / GAS BOTTLE ENCLOSURE 01,,GAS BOTTLE ENCLOSURE 01,,,,,,,,
13,ZONE-02,N171L01D001,C110-GF-Y036-0201-SD-001,02-ST-01 / STAIRS 01,02-ST-01,STAIRS 01,,,,,,,,
14,ZONE-02,N171L01D003,C110-GF-Y036-0201-SD-003,02-GF-CI-01 / CIRCULATION,02-GF-CI-01,CIRCULATION,,,,,,,,
15,ZONE-09,N171L01M010,C110-GF-Y036-0201-MM-010,02 GF TR 02 / ISO TRANSFORMER,02 GF TR 02,ISO TRANSFORMER,,,,,,,,
16,ZONE-09,N171L01M011,C110-GF-Y036-0201-MM-011,02 GF TR 02 / ISO TRANSFORMER,02 GF TR 02,ISO TRANSFORMER,,,,,,,,
17,ZONE-09,N171L01M101,C110-GF-Y036-0201-MM-101,02 GF TR 02 / ISO TRANSFORMER,02 GF TR 02,ISO TRANSFORMER,,,,,,,,
18,ZONE-09,N171L01M102,C110-GF-Y036-0201-MM-102,02 GF TR 02 / ISO TRANSFORMER,02 GF TR 02,ISO TRANSFORMER,,,,,,,,
19,ZONE-10,N171L01M012,C110-GF-Y036-0201-MM-012,02 GF TR 03 / ISO TRANSFORMER,02 GF TR 03,ISO TRANSFORMER,,,,,,,,
20,ZONE-10,N171L01M103,C110-GF-Y036-0201-MM-103,02 GF TR 03 / ISO TRANSFORMER,02 GF TR 03,ISO TRANSFORMER,,,,,,,,
21,ZONE-10,N171L01M104,C110-GF-Y036-0201-MM-104,02 GF TR 03 / ISO TRANSFORMER,02 GF TR 03,ISO TRANSFORMER,,,,,,,,
22,ZONE-10,N171L01M105,C110-GF-Y036-0201-MM-105,02 GF TR 03 / ISO TRANSFORMER,02 GF TR 03,ISO TRANSFORMER,,,,,,,,
23,ZONE-11,N171L01M013,C110-GF-Y036-0201-MM-013,02 GF TR 04 / ISO TRANSFORMER,02 GF TR 04,ISO TRANSFORMER,,,,,,,,
24,ZONE-11,N171L01M106,C110-GF-Y036-0201-MM-106,02 GF TR 04 / ISO TRANSFORMER,02 GF TR 04,ISO TRANSFORMER,,,,,,,,
25,ZONE-11,N171L01M107,C110-GF-Y036-0201-MM-107,02 GF TR 04 / ISO TRANSFORMER,02 GF TR 04,ISO TRANSFORMER,,,,,,,,
26,ZONE-11,N171L01M108,C110-GF-Y036-0201-MM-108,02 GF TR 04 / ISO TRANSFORMER,02 GF TR 04,ISO TRANSFORMER,,,,,,,,
27,ZONE-12,N171L01M014,C110-GF-Y036-0201-MM-014,02-GF-TR-05 / AUX TRANSFORMER,02-GF-TR-05,AUX TRANSFORMER,,,,,,,,
28,ZONE-12,N171L01M015,C110-GF-Y036-0201-MM-015,02-GF-TR-05 / AUX TRANSFORMER,02-GF-TR-05,AUX TRANSFORMER,,,,,,,,
29,ZONE-12,N171L01M016,C110-GF-Y036-0201-MM-016,02-GF-TR-05 / AUX TRANSFORMER,02-GF-TR-05,AUX TRANSFORMER,,,,,,,,
30,ZONE-12,N171L01M018,C110-GF-Y036-0201-MM-018,02-GF-TR-05 / AUX TRANSFORMER,02-GF-TR-05,AUX TRANSFORMER,,,,,,,,
31,ZONE-13,N171L01M019,C110-GF-Y036-0201-MM-019,02-GF-TR-06 / AUX TRANSFORMER,02-GF-TR-06,AUX TRANSFORMER,,,,,,,,
32,ZONE-13,N171L01M020,C110-GF-Y036-0201-MM-020,02-GF-TR-06 / AUX TRANSFORMER,02-GF-TR-06,AUX TRANSFORMER,,,,,,,,
33,ZONE-13,N171L01M021,C110-GF-Y036-0201-MM-021,02-GF-TR-06 / AUX TRANSFORMER,02-GF-TR-06,AUX TRANSFORMER,,,,,,,,
34,ZONE-02,N171L01M022,C110-GF-Y036-0201-MP-022,02-GF-CI-01 / CIRCULATION,02-GF-CI-01,CIRCULATION,,,,,,,,
35,ZONE-02,N171L01D004,C110-GF-Y036-0201-SD-004,02-GF-CI-01 / CIRCULATION,02-GF-CI-01,CIRCULATION,,,,,,,,
36,ZONE-14,N171L01M023,C110-GF-Y036-0201-MM-023,02-GF-TR-07 / EARTH,02-GF-TR-07,EARTH,,,,,,,,
37,ZONE-14,N171L01M024,C110-GF-Y036-0201-MM-024,02-GF-TR-07 / EARTH,02-GF-TR-07,EARTH,,,,,,,,
38,ZONE-14,N171L01M025,C110-GF-Y036-0201-MM-025,02-GF-TR-07 / EARTH,02-GF-TR-07,EARTH,,,,,,,,
39,ZONE-14,N171L01M026,C110-GF-Y036-0201-MM-026,02-GF-TR-07 / EARTH,02-GF-TR-07,EARTH,,,,,,,,
40,ZONE-19,N171L01M027,C110-GF-Y036-0201-MM-027,02-GF-TR-08 / EARTH,02-GF-TR-08,EARTH,,,,,,,,
41,ZONE-19,N171L01M028,C110-GF-Y036-0201-MM-028,02-GF-TR-08 / EARTH,02-GF-TR-08,EARTH,,,,,,,,
42,ZONE-19,N171L01M029,C110-GF-Y036-0201-MM-029,02-GF-TR-08 / EARTH,02-GF-TR-08,EARTH,,,,,,,,
43,ZONE-19,N171L01M030,C110-GF-Y036-0201-MM-030,02-GF-TR-08 / EARTH,02-GF-TR-08,EARTH,,,,,,,,
44,ZONE-02,N171L01D006,C110-GF-Y036-0201-SD-006,02-GF-CI-01 / CIRCULATION,02-GF-CI-01,CIRCULATION,,,,,,,,
45,ZONE-02,N171L01M032,C110-GF-Y036-0201-RM-032,02-GF-CI-01 / CIRCULATION,02-GF-CI-01,CIRCULATION,,,,,,,,
46,ZONE-17,N171L01M035,C110-GF-Y036-0201-MM-035,02-GF-TR-16 / PANEL ROOM,02-GF-TR-16,PANEL ROOM,,,,,,,,
47,ZONE-17,N171L01M036,C110-GF-Y036-0201-MM-036,02-GF-TR-16 / PANEL ROOM,02-GF-TR-16,PANEL ROOM,,,,,,,,
48,ZONE-17,N171L01M037,C110-GF-Y036-0201-MM-037,02-GF-TR-16 / PANEL ROOM,02-GF-TR-16,PANEL ROOM,,,,,,,,
49,ZONE-17,N171L01M038,C110-GF-Y036-0201-MM-038,02-GF-TR-16 / PANEL ROOM,02-GF-TR-16,PANEL ROOM,,,,,,,,
50,ZONE-17,N171L01M039,C110-GF-Y036-0201-MM-039,02-GF-TR-16 / PANEL ROOM,02-GF-TR-16,PANEL ROOM,,,,,,,,
51,ZONE-17,N171L01M040,C110-GF-Y036-0201-MM-040,02-GF-TR-16 / PANEL ROOM,02-GF-TR-16,PANEL ROOM,,,,,,,,
52,ZONE-15,N171L01M041,C110-GF-Y036-0201-RM-041,02-GF-TR-27 / GENERATOR HALL,02-GF-TR-27,GENERATOR HALL,,,,,,,,
53,ZONE-15,N171L01M042,C110-GF-Y036-0201-RM-042,02-GF-TR-27 / GENERATOR HALL,02-GF-TR-27,GENERATOR HALL,,,,,,,,
54,ZONE-01,N171L01M043,C110-GF-Y036-0201-RM-043,02-GF-TR-28 / GENERATOR HALL,02-GF-TR-28,GENERATOR HALL,,,,,,,,
55,ZONE-01,N171L01M044,C110-GF-Y036-0201-RM-044,02-GF-TR-28 / GENERATOR HALL,02-GF-TR-28,GENERATOR HALL,,,,,,,,
56,ZONE-01,N171L01M045,C110-GF-Y036-0201-RM-045,02-GF-TR-28 / GENERATOR HALL,02-GF-TR-28,GENERATOR HALL,,,,,,,,
57,ZONE-16,N171L01M046,C110-GF-Y036-0201-MM-046,02-GF-CI-03 / CIRCULATION,02-GF-CI-03,CIRCULATION,,,,,,,,
58,ZONE-16,N171L01M047,C110-GF-Y036-0201-MM-047,02-GF-CI-03 / CIRCULATION,02-GF-CI-03,CIRCULATION,,,,,,,,
59,ZONE-16,N171L01D007,C110-GF-Y036-0201-SD-007,02-GF-CI-03 / CIRCULATION,02-GF-CI-03,CIRCULATION,,,,,,,,
60,ZONE-02,N171L01D008,C110-GF-Y036-0201-SD-008,02-GF-CI-02 / CIRCULATION,02-GF-CI-02,CIRCULATION,,,,,,,,
61,ZONE-02,N171L01M049,C110-GF-Y036-0201-CM-049,02-GF-CI-02 / CIRCULATION,02-GF-CI-02,CIRCULATION,,,,,,,,
62,ZONE-02,N171L01M050,C110-GF-Y036-0201-CM-050,02-GF-CI-02 / CIRCULATION,02-GF-CI-02,CIRCULATION,,,,,,,,
63,ZONE-02,N171L01M051,C110-GF-Y036-0201-CM-051,02-GF-CI-02 / CIRCULATION,02-GF-CI-02,CIRCULATION, ,,,,,,,
64,ZONE-02,N171L01M052,C110-GF-Y036-0201-CM-052,02-GF-CI-02 / CIRCULATION,02-GF-CI-02,CIRCULATION,,,,,,,,
65,ZONE-02,N171L01M053,C110-GF-Y036-0201-MMM-053,02-GF-CI-02 / CIRCULATION,02-GF-CI-02,CIRCULATION,,,,,,,,
66,ZONE-07,N171L01M057,C110-GF-Y036-0201-MM-057,02-GF-TR-17 / PANEL ROOM,02-GF-TR-17,PANEL ROOM,,,,,,,,
67,ZONE-07,N171L01M058,C110-GF-Y036-0201-MM-058,02-GF-TR-17 / PANEL ROOM,02-GF-TR-17,PANEL ROOM,,,,,,,,
68,ZONE-07,N171L01M059,C110-GF-Y036-0201-MM-059,02-GF-TR-17 / PANEL ROOM,02-GF-TR-17,PANEL ROOM,,,,,,,,
69,ZONE-07,N171L01M060,C110-GF-Y036-0201-MM-060,02-GF-TR-17 / PANEL ROOM,02-GF-TR-17,PANEL ROOM,,,,,,,,
70,ZONE-01,N171L01M061,C110-GF-Y036-0201-MM-061,02-GF-TR-28 / GENERATOR HALL,02-GF-TR-28,GENERATOR HALL,,,,,,,,
71,ZONE-01,N171L01M062,C110-GF-Y036-0201-MM-062,02-GF-TR-28 / GENERATOR HALL,02-GF-TR-28,GENERATOR HALL,,,,,,,,
72,ZONE-01,N171L01M063,C110-GF-Y036-0201-MM-063,02-GF-TR-28 / GENERATOR HALL,02-GF-TR-28,GENERATOR HALL,,,,,,,,
73,ZONE-01,N171L01M064,C110-GF-Y036-0201-MM-064,02-GF-TR-28 / GENERATOR HALL,02-GF-TR-28,GENERATOR HALL,,,,,,,,
74,ZONE-02,N171L01D009,C110-GF-Y036-0201-SHD-009, / GAS BOTTLE ENCLOSURE 05,,GAS BOTTLE ENCLOSURE 05,,,,,,,,
75,ZONE-02,N171L01M067,C110-GF-Y036-0201-MM-067,02-GF-CI-02 / CIRCULATION,02-GF-CI-02,CIRCULATION,,,,,,,,
76,ZONE-02,N171L01M068,C110-GF-Y036-0201-MM-068,02-GF-CI-02 / CIRCULATION,02-GF-CI-02,CIRCULATION,,,,,,,,
77,ZONE-02,N171L01M069,C110-GF-Y036-0201-MM-069,02-GF-CI-02 / CIRCULATION,02-GF-CI-02,CIRCULATION,,,,,,,,
78,ZONE-02,N171L01M070,C110-GF-Y036-0201-MM-070,02-GF-CI-02 / CIRCULATION,02-GF-CI-02,CIRCULATION,,,,,,,,
79,ZONE-02,N171L01D010,C110-GF-Y036-0201-SD-010,02-GF-CI-02 / CIRCULATION,02-GF-CI-02,CIRCULATION,,,,,,,,
80,ZONE-07,N171L01M071,C110-GF-Y036-0201-MM-071,02-GF-TR-17 / PANEL ROOM,02-GF-TR-17,PANEL ROOM,,,,,,,,
81,ZONE-07,N171L01M072,C110-GF-Y036-0201-MM-072,02-GF-TR-17 / PANEL ROOM,02-GF-TR-17,PANEL ROOM,,,,,,,,
82,ZONE-07,N171L01M073,C110-GF-Y036-0201-MM-073,02-GF-TR-17 / PANEL ROOM,02-GF-TR-17,PANEL ROOM,,,,,,,,
83,ZONE-07,N171L01M074,C110-GF-Y036-0201-MM-074,02-GF-TR-17 / PANEL ROOM,02-GF-TR-17,PANEL ROOM,,,,,,,,
84,ZONE-02,N171L01M075,C110-GF-Y036-0201-RM-075,02-GF-CI-02 / CIRCULATION,02-GF-CI-02,CIRCULATION,,,,,,,,
85,ZONE-02,N171L01D011,C110-GF-Y036-0201-SD-011,02-GF-CI-02 / CIRCULATION,02-GF-CI-02,CIRCULATION,,,,,,,,
86,ZONE-02,N171L01D012,C110-GF-Y036-0201-SD-012,02-GF-CI-02 / CIRCULATION,02-GF-CI-02,CIRCULATION,,,,,,,,
87,ZONE-02,N171L01D013,C110-GF-Y036-0201-SHD-013,02-GF-TR-19 / AIR INTAKE PLENUM,02-GF-TR-19,AIR INTAKE PLENUM,,,,,,,,
88,ZONE-02,N171L01D014,C110-GF-Y036-0201-SHD-014,02-GF-TR-19 / AIR INTAKE PLENUM,02-GF-TR-19,AIR INTAKE PLENUM,,,,,,,,
89,ZONE-06,N171L01M084,C110-GF-Y036-0201-MM-084,02-GF-TR-18 / MV SWITCH GEAR,02-GF-TR-18,MV SWITCH GEAR,,,,,,,,
90,ZONE-06,N171L01M085,C110-GF-Y036-0201-MM-085,02-GF-TR-18 / MV SWITCH GEAR,02-GF-TR-18,MV SWITCH GEAR,,,,,,,,
91,ZONE-06,N171L01M086,C110-GF-Y036-0201-MM-086,02-GF-TR-18 / MV SWITCH GEAR,02-GF-TR-18,MV SWITCH GEAR,,,,,,,,
92,ZONE-06,N171L01M087,C110-GF-Y036-0201-MM-087,02-GF-TR-18 / MV SWITCH GEAR,02-GF-TR-18,MV SWITCH GEAR,,,,,,,,
93,ZONE-02,N171L01D015,C110-GF-Y036-0201-SD-015,02-GF-CI-02 / CIRCULATION,02-GF-CI-02,CIRCULATION,,,,,,,,
94,ZONE-02,N171L01D016,C110-GF-Y036-0201-SHD-016,02-GF-TR-19 / AIR INTAKE PLENUM,02-GF-TR-19,AIR INTAKE PLENUM,,,,,,,,
95,ZONE-02,N171L01M090,C110-GF-Y036-0201-MP-090,02-GF-CI-01 / CIRCULATION,02-GF-CI-01,CIRCULATION,,,,,,,,
96,ZONE-20,N171L02M001,C110-GF-Y036-0202-MM-001,02-GF-TR-09 / TRANSFORMER,02-GF-TR-09,TRANSFORMER,,,,,,,,
97,ZONE-20,N171L02M002,C110-GF-Y036-0202-MM-002,02-GF-TR-09 / TRANSFORMER,02-GF-TR-09,TRANSFORMER,,,,,,,,
98,ZONE-20,N171L02M003,C110-GF-Y036-0202-MM-003,02-GF-TR-09 / TRANSFORMER,02-GF-TR-09,TRANSFORMER,,,,,,,,
99,ZONE-20,N171L02M004,C110-GF-Y036-0202-MM-004,02-GF-TR-09 / TRANSFORMER,02-GF-TR-09,TRANSFORMER,,,,,,,,
100,ZONE-21,N171L02M005,C110-GF-Y036-0202-MM-005,02-GF-TR-10 / TRANSFORMER,02-GF-TR-10,TRANSFORMER,,,,,,,,
101,ZONE-21,N171L02M006,C110-GF-Y036-0202-MM-006,02-GF-TR-10 / TRANSFORMER,02-GF-TR-10,TRANSFORMER,,,,,,,,
102,ZONE-21,N171L02M007,C110-GF-Y036-0202-MM-007,02-GF-TR-10 / TRANSFORMER,02-GF-TR-10,TRANSFORMER,,,,,,,,
103,ZONE-21,N171L02M008,C110-GF-Y036-0202-MM-008,02-GF-TR-10 / TRANSFORMER,02-GF-TR-10,TRANSFORMER,,,,,,,,
104,ZONE-22,N171L02M009,C110-GF-Y036-0202-MM-009,02 GF TR 11 / ISO TRANSFORMER,02 GF TR 11,ISO TRANSFORMER,,,,,,,,
105,ZONE-22,N171L02M152,C110-GF-Y036-0202-MM-152,02 GF TR 11 / ISO TRANSFORMER,02 GF TR 11,ISO TRANSFORMER,,,,,,,,
106,ZONE-22,N171L02M153,C110-GF-Y036-0202-MM-153,02 GF TR 11 / ISO TRANSFORMER,02 GF TR 11,ISO TRANSFORMER,,,,,,,,
107,ZONE-22,N171L02M154,C110-GF-Y036-0202-MM-154,02 GF TR 11 / ISO TRANSFORMER,02 GF TR 11,ISO TRANSFORMER,,,,,,,,
108,ZONE-23,N171L02M010,C110-GF-Y036-0202-MM-010,02 GF TR 12 / ISO TRANSFORMER,02 GF TR 12,ISO TRANSFORMER,,,,,,,,
109,ZONE-23,N171L02M155,C110-GF-Y036-0202-MM-155,02 GF TR 12 / ISO TRANSFORMER,02 GF TR 12,ISO TRANSFORMER,,,,,,,,
110,ZONE-23,N171L02M156,C110-GF-Y036-0202-MM-156,02 GF TR 12 / ISO TRANSFORMER,02 GF TR 12,ISO TRANSFORMER,,,,,,,,
111,ZONE-23,N171L02M157,C110-GF-Y036-0202-MM-157,02 GF TR 12 / ISO TRANSFORMER,02 GF TR 12,ISO TRANSFORMER,,,,,,,,
112,ZONE-24,N171L02M011,C110-GF-Y036-0202-MM-011,02 GF TR 13 / ISO TRANSFORMER,02 GF TR 13,ISO TRANSFORMER,,,,,,,,
113,ZONE-24,N171L02M012,C110-GF-Y036-0202-MM-012,02 GF TR 13 / ISO TRANSFORMER,02 GF TR 13,ISO TRANSFORMER,,,,,,,,
114,ZONE-24,N171L02M066,C110-GF-Y036-0202-MM-066,02 GF TR 13 / ISO TRANSFORMER,02 GF TR 13,ISO TRANSFORMER,,,,,,,,
115,ZONE-24,N171L02M067,C110-GF-Y036-0202-MM-067,02 GF TR 13 / ISO TRANSFORMER,02 GF TR 13,ISO TRANSFORMER,,,,,,,,
116,ZONE-16,N171L02M013,C110-GF-Y036-0202-MP-013,02-GF-CI-04 / CIRCULATION,02-GF-CI-04,CIRCULATION,,,,,,,,
117,ZONE-16,N171L02M014,C110-GF-Y036-0202-MM-014,02-GF-CI-04 / CIRCULATION,02-GF-CI-04,CIRCULATION,,,,,,,,
118,ZONE-16,N171L02M015,C110-GF-Y036-0202-MM-015,02-GF-CI-04 / CIRCULATION,02-GF-CI-04,CIRCULATION,,,,,,,,
119,ZONE-16,N171L02M023,C110-GF-Y036-0202-MM-023,02-GF-CI-04 / CIRCULATION,02-GF-CI-04,CIRCULATION,,,,,,,,
120,ZONE-16,N171L02M080,C110-GF-Y036-0202-MM-080,02-GF-CI-04 / CIRCULATION,02-GF-CI-04,CIRCULATION,,,,,,,,
121,ZONE-16,N171L02M016,C110-GF-Y036-0202-RM-016,02-GF-CI-04 / CIRCULATION,02-GF-CI-04,CIRCULATION,,,,,,,,
122,ZONE-16,N171L02D001,C110-GF-Y036-0202-SD-001,02-GF-CI-04 / CIRCULATION,02-GF-CI-04,CIRCULATION,,,,,,,,
123,ZONE-16,N171L02M017,C110-GF-Y036-0202-MM-017,02-GF-CI-04 / CIRCULATION,02-GF-CI-04,CIRCULATION,,,,,,,,
124,ZONE-16,N171L02M018,C110-GF-Y036-0202-MM-018,02-GF-CI-04 / CIRCULATION,02-GF-CI-04,CIRCULATION,,,,,,,,
125,ZONE-16,N171L02M024,C110-GF-Y036-0202-MM-024,02-GF-CI-04 / CIRCULATION,02-GF-CI-04,CIRCULATION,,,,,,,,
126,ZONE-04,N171L02D002,C110-GF-Y036-0202-SD-002,02-ST-02 / STAIRS 02,02-ST-02,STAIRS 02,,,,,,,,
127,ZONE-16,N171L02M019,C110-GF-Y036-0202-MM-019,02-GF-CI-04 / CIRCULATION,02-GF-CI-04,CIRCULATION,,,,,,,,
128,ZONE-16,N171L02M020,C110-GF-Y036-0202-MM-020,02-GF-CI-04 / CIRCULATION,02-GF-CI-04,CIRCULATION,,,,,,,,
129,ZONE-16,N171L02M021,C110-GF-Y036-0202-MM-021,02-GF-CI-05 / LIFT LOBBY,02-GF-CI-05,LIFT LOBBY,,,,,,,,
130,ZONE-16,N171L02M022,C110-GF-Y036-0202-MM-022,02-GF-CI-05 / LIFT LOBBY,02-GF-CI-05,LIFT LOBBY,,,,,,,,
131,ZONE-16,N171L02D003,C110-GF-Y036-0202-SD-003,02-GF-CI-05 / LIFT LOBBY,02-GF-CI-05,LIFT LOBBY,,,,,,,,
132,ZONE-16,N171L02D004,C110-GF-Y036-0202-SHD-004,02-GF-TR / AIR INTAKE PLENUM,02-GF-TR,AIR INTAKE PLENUM,,,,,,,,
133,ZONE-16,N171L02D005,C110-GF-Y036-0202-SD-005,02-GF-CI-04 / CIRCULATION,02-GF-CI-04,CIRCULATION,,,,,,,,
134,ZONE-18,N171L02M027,C110-GF-Y036-0202-MM-027,02-GF-TR-15 / MV SWITCH GEAR,02-GF-TR-15,MV SWITCH GEAR,,,,,,,,
135,ZONE-18,N171L02M028,C110-GF-Y036-0202-MM-028,02-GF-TR-15 / MV SWITCH GEAR,02-GF-TR-15,MV SWITCH GEAR,,,,,,,,
136,ZONE-18,N171L02M029,C110-GF-Y036-0202-MM-029,02-GF-TR-15 / MV SWITCH GEAR,02-GF-TR-15,MV SWITCH GEAR,,,,,,,,
137,ZONE-18,N171L02M030,C110-GF-Y036-0202-MM-030,02-GF-TR-15 / MV SWITCH GEAR,02-GF-TR-15,MV SWITCH GEAR,,,,,,,,
138,ZONE-16,N171L02D006,C110-GF-Y036-0202-SD-006,02-GF-CI-04 / CIRCULATION,02-GF-CI-04,CIRCULATION,,,,,,,,
139,ZONE-16,N171L02D007,C110-GF-Y036-0202-SHD-007,02-GF-TR / AIR INTAKE PLENUM,02-GF-TR,AIR INTAKE PLENUM,,,,,,,,
140,ZONE-16,N171L02D008,C110-GF-Y036-0202-SHD-008,02-GF-TR / AIR INTAKE PLENUM,02-GF-TR,AIR INTAKE PLENUM,,,,,,,,
141,ZONE-16,N171L02D009,C110-GF-Y036-0202-SD-009,02-GF-CI-03 / CIRCULATION,02-GF-CI-03,CIRCULATION,,,,,,,,
142,ZONE-16,N171L02D010,C110-GF-Y036-0202-SD-010,02-GF-CI-03 / CIRCULATION,02-GF-CI-03,CIRCULATION,,,,,,,,
143,ZONE-16,N171L02M039,C110-GF-Y036-0202-MM-039,02-GF-CI-03 / CIRCULATION,02-GF-CI-03,CIRCULATION,,,,,,,,
144,ZONE-16,N171L02M040,C110-GF-Y036-0202-MM-040,02-GF-CI-03 / CIRCULATION,02-GF-CI-03,CIRCULATION,,,,,,,,
145,ZONE-16,N171L02M041,C110-GF-Y036-0202-MM-041,02-GF-CI-03 / CIRCULATION,02-GF-CI-03,CIRCULATION,,,,,,,,
146,ZONE-16,N171L02M042,C110-GF-Y036-0202-MM-042,02-GF-CI-03 / CIRCULATION,02-GF-CI-03,CIRCULATION,,,,,,,,
147,ZONE-16,N171L02D011,C110-GF-Y036-0202-SHD-011,02-GF-TR / AIR INTAKE PLENUM,02-GF-TR,AIR INTAKE PLENUM,,,,,,,,
148,ZONE-15,N171L02D045,C110-GF-Y036-0202-RM-045,02-GF-TR-27 / GENERATOR HALL,02-GF-TR-27,GENERATOR HALL,,,,,,,,
149,ZONE-15,N171L02D046,C110-GF-Y036-0202-RM-046,02-GF-TR-27 / GENERATOR HALL,02-GF-TR-27,GENERATOR HALL,,,,,,,,
150,ZONE-30,N171L02D012,C110-01-Y036-0202-SD-012,02-01-CI-04 / CIRCULATION,02-01-CI-04,CIRCULATION,,,,,,,,
151,ZONE-32,N171L02M047,C110-01-Y036-0202-MM-047,02-01-TR-06 / LV PANEL ROOM,02-01-TR-06,LV PANEL ROOM,,,,,,,,
152,ZONE-32,N171L02M048,C110-01-Y036-0202-MM-048,02-01-TR-06 / LV PANEL ROOM,02-01-TR-06,LV PANEL ROOM,,,,,,,,
153,ZONE-32,N171L02M049,C110-01-Y036-0202-MM-049,02-01-TR-06 / LV PANEL ROOM,02-01-TR-06,LV PANEL ROOM,,,,,,,,
154,ZONE-32,N171L02M050,C110-01-Y036-0202-MM-050,02-01-TR-06 / LV PANEL ROOM,02-01-TR-06,LV PANEL ROOM,,,,,,,,
155,ZONE-33,N171L02M051,C110-01-Y036-0202-MM-051,02-01-TR-07 / UPS & BATTERY,02-01-TR-07,UPS & BATTERY,,,,,,,,
156,ZONE-33,N171L02M052,C110-01-Y036-0202-MM-052,02-01-TR-07 / UPS & BATTERY,02-01-TR-07,UPS & BATTERY,,,,,,,,
157,ZONE-33,N171L02M053,C110-01-Y036-0202-MM-053,02-01-TR-07 / UPS & BATTERY,02-01-TR-07,UPS & BATTERY,,,,,,,,
158,ZONE-33,N171L02M054,C110-01-Y036-0202-MM-054,02-01-TR-07 / UPS & BATTERY,02-01-TR-07,UPS & BATTERY,,,,,,,,
159,ZONE-30,N171L02D013,C110-01-Y036-0202-SD-013,02-01-CI-04 / CIRCULATION,02-01-CI-04,CIRCULATION,,,,,,,,
160,ZONE-30,N171L02D014,C110-01-Y036-0202-SD-014,02-01-CI-04 / CIRCULATION,02-01-CI-04,CIRCULATION,,,,,,,,
161,ZONE-34,N171L02M055,C110-01-Y036-0202-MM-055,02-01-TR-08 / CONTROL ROOM,02-01-TR-08,CONTROL ROOM,,,,,,,,
162,ZONE-34,N171L02M056,C110-01-Y036-0202-MM-056,02-01-TR-08 / CONTROL ROOM,02-01-TR-08,CONTROL ROOM,,,,,,,,
163,ZONE-34,N171L02M057,C110-01-Y036-0202-MM-057,02-01-TR-08 / CONTROL ROOM,02-01-TR-08,CONTROL ROOM,,,,,,,,
164,ZONE-34,N171L02M058,C110-01-Y036-0202-MM-058,02-01-TR-08 / CONTROL ROOM,02-01-TR-08,CONTROL ROOM,,,,,,,,
165,ZONE-04,N171L02D015,C110-01-Y036-0202-SD-015,02-ST-02 / STAIRS 02,02-ST-02,STAIRS 02,,,,,,,,
166,ZONE-30,N171L02M060,C110-01-Y036-0202-MP-060,02-01-CI-05 / CIRCULATION,02-01-CI-05,CIRCULATION,,,,,,,,
167,ZONE-30,N171L02D016,C110-01-Y036-0202-SD-016,02-01-CI-05 / CIRCULATION,02-01-CI-05,CIRCULATION,,,,,,,,
168,ZONE-05,N171L02D017,C110-01-Y036-0202-SHD-017,02-LI-01 / LIFT 1,02-LI-01,LIFT 1,,,,,,,,
169,ZONE-05,N171L02M061,C110-01-Y036-0202-RM-061,02-LI-01 / LIFT 1,02-LI-01,LIFT 1,,,,,,,,
170,ZONE-05,N171L02M062,C110-01-Y036-0202-RM-062,02-LI-01 / LIFT 1,02-LI-01,LIFT 1,,,,,,,,
171,ZONE-05,N171L02D018,C110-01-Y036-0202-SD-018,02-01-CI-07 / LIFT LOBBY,02-01-CI-07,LIFT LOBBY,,,,,,,,
172,ZONE-30,N171L02M063,C110-01-Y036-0202-RM-063,02-01-CI-05 / CIRCULATION,02-01-CI-05,CIRCULATION,,,,,,,,
173,ZONE-30,N171L02D019,C110-01-Y036-0202-SD-019,02-01-KT-02 / PANTRY,02-01-KT-02,PANTRY,,,,,,,,
174,ZONE-30,N171L02D020,C110-01-Y036-0202-SD-020,02-01-CI-06 / CIRCULATION,02-01-CI-06,CIRCULATION,,,,,,,,
175,ZONE-30,N171L02D021,C110-01-Y036-0202-SD-021,02-01-KT-02 / PANTRY,02-01-KT-02,PANTRY,,,,,,,,
176,ZONE-30,N171L02D022,C110-01-Y036-0202-SD-022,02-01-TO-02 / ACC WC,02-01-TO-02,ACC WC,,,,,,,,
177,ZONE-30,N171L02M064,C110-01-Y036-0202-MM-064,02-01-CI-06 / CIRCULATION,02-01-CI-06,CIRCULATION,,,,,,,,
178,ZONE-30,N171L02M065,C110-01-Y036-0202-MM-065,02-01-CI-06 / CIRCULATION,02-01-CI-06,CIRCULATION,,,,,,,,
179,ZONE-03,N171L03D001,C110-01-Y036-0203-SD-001,02-ST-01 / STAIRS 01,02-ST-01,STAIRS 01,,,,,,,,
180,ZONE-26,N171L03D002,C110-01-Y036-0203-SD-002,02-01-KT-01 / PANTRY,02-01-KT-01,PANTRY,,,,,,,,
181,ZONE-26,N171L03D003,C110-01-Y036-0203-SD-003,02-01-KT-01 / PANTRY,02-01-KT-01,PANTRY,,,,,,,,
182,ZONE-26,N171L03D004,C110-01-Y036-0203-SD-004,02-01-KT-01 / PANTRY,02-01-KT-01,PANTRY,,,,,,,,
183,ZONE-26,N171L03M001,C110-01-Y036-0203-MM-001,02-01-TO-01 / TOILET,02-01-TO-01,TOILET,,,,,,,,
184,ZONE-26,N171L03M002,C110-01-Y036-0203-MM-002,02-01-CI-01 / CIRCULATION,02-01-CI-01,CIRCULATION,,,,,,,,
185,ZONE-26,N171L03D005,C110-01-Y036-0203-SD-005,02-01-CI-01 / CIRCULATION,02-01-CI-01,CIRCULATION,,,,,,,,
186,ZONE-26,N171L03M003,C110-01-Y036-0203-RM-003,02-01-CI-01 / CIRCULATION,02-01-CI-01,CIRCULATION,,,,,,,,
187,ZONE-26,N171L03D006,C110-01-Y036-0203-SD-006,02-01-CI-02 / CIRCULATION,02-01-CI-02,CIRCULATION,,,,,,,,
188,ZONE-26,N171L03M004,C110-01-Y036-0203-MP-004,02-01-CI-02 / CIRCULATION,02-01-CI-02,CIRCULATION,,,,,,,,
189,ZONE-27,N171L03M006,C110-01-Y036-0203-MM-006,02-01-TR-01 / CONTROL ROOM,02-01-TR-01,CONTROL ROOM,,,,,,,,
190,ZONE-27,N171L03M007,C110-01-Y036-0203-MM-007,02-01-TR-01 / CONTROL ROOM,02-01-TR-01,CONTROL ROOM,,,,,,,,
191,ZONE-27,N171L03M008,C110-01-Y036-0203-MM-008,02-01-TR-01 / CONTROL ROOM,02-01-TR-01,CONTROL ROOM,,,,,,,,
192,ZONE-27,N171L03M009,C110-01-Y036-0203-MM-009,02-01-TR-01 / CONTROL ROOM,02-01-TR-01,CONTROL ROOM,,,,,,,,
193,ZONE-26,N171L03D007,C110-01-Y036-0203-SD-007,02-01-CI-02 / CIRCULATION,02-01-CI-02,CIRCULATION,,,,,,,,
194,ZONE-26,N171L03D008,C110-01-Y036-0203-SD-008,02-01-CI-02 / CIRCULATION,02-01-CI-02,CIRCULATION,,,,,,,,
195,ZONE-28,N171L03M010,C110-01-Y036-0203-MM-010,02-01-TR-02 / UPS & BATTERY,02-01-TR-02,UPS & BATTERY,,,,,,,,
196,ZONE-28,N171L03M011,C110-01-Y036-0203-MM-011,02-01-TR-02 / UPS & BATTERY,02-01-TR-02,UPS & BATTERY,,,,,,,,
197,ZONE-28,N171L03M012,C110-01-Y036-0203-MM-012,02-01-TR-02 / UPS & BATTERY,02-01-TR-02,UPS & BATTERY,,,,,,,,
198,ZONE-28,N171L03M013,C110-01-Y036-0203-MM-013,02-01-TR-02 / UPS & BATTERY,02-01-TR-02,UPS & BATTERY,,,,,,,,
199,ZONE-29,N171L03M014,C110-01-Y036-0203-MM-014,02-01-TR-03 / LV PANEL ROOM,02-01-TR-03,LV PANEL ROOM,,,,,,,,
200,ZONE-29,N171L03M015,C110-01-Y036-0203-MM-015,02-01-TR-03 / LV PANEL ROOM,02-01-TR-03,LV PANEL ROOM,,,,,,,,
201,ZONE-29,N171L03M016,C110-01-Y036-0203-MM-016,02-01-TR-03 / LV PANEL ROOM,02-01-TR-03,LV PANEL ROOM,,,,,,,,
202,ZONE-29,N171L03M017,C110-01-Y036-0203-MM-017,02-01-TR-03 / LV PANEL ROOM,02-01-TR-03,LV PANEL ROOM,,,,,,,,
203,ZONE-26,N171L03D009,C110-01-Y036-0203-SD-009,02-01-CI-03 / CIRCULATION,02-01-CI-03,CIRCULATION,,,,,,,,
204,ZONE-26,N171L03D010,C110-01-Y036-0203-SD-010,02-01-CI-03 / CIRCULATION,02-01-CI-03,CIRCULATION,,,,,,,,
205,ZONE-26,N171L03M019,C110-01-Y036-0203-RM-019,02-01-TR-04 / HVAC,02-01-TR-04,HVAC,,,,,,,,
206,ZONE-26,N171L03D011,C110-01-Y036-0203-SHD-011,02-01-TR-04 / HVAC,02-01-TR-04,HVAC,,,,,,,,
207,ZONE-26,N171L03M022,C110-01-Y036-0203-RM-022,02-01-CI-03 / CIRCULATION,02-01-CI-03,CIRCULATION,,,,,,,,
208,ZONE-26,N171L03M023,C110-01-Y036-0203-RM-023,02-01-TR-12 / HVAC,02-01-TR-12,HVAC,,,,,,,,
209,ZONE-26,N171L03M024,C110-01-Y036-0203-RM-024,02-01-TR-12 / HVAC,02-01-TR-12,HVAC,,,,,,,,
210,ZONE-26,N171L03M025,C110-01-Y036-0203-RM-025,02-01-TR-12 / HVAC,02-01-TR-12,HVAC,,,,,,,,
211,ZONE-30,N171L03D012,C110-01-Y036-0203-SHD-012,02-01-TR-12 / HVAC,02-01-TR-12,HVAC,,,,,,,,
212,ZONE-30,N171L03M028,C110-01-Y036-0203-RM-028,02-01-TR-11 / HVAC,02-01-TR-11,HVAC,,,,,,,,
213,ZONE-30,N171L03M060,C110-01-Y036-0203-RM-060,02-01-TR-11 / HVAC,02-01-TR-11,HVAC,,,,,,,,
214,ZONE-30,N171L03M061,C110-01-Y036-0203-RM-061,02-01-TR-11 / HVAC,02-01-TR-11,HVAC,,,,,,,,
215,ZONE-30,N171L03D013,C110-01-Y036-0203-SHD-013,02-01-TR-11 / HVAC,02-01-TR-11,HVAC,,,,,,,,
216,ZONE-30,N171L03M031,C110-01-Y036-0203-RM-031,02-01-TR-11 / HVAC,02-01-TR-11,HVAC,,,,,,,,
217,ZONE-30,N171L03M032,C110-01-Y036-0203-MM-032,02-01-TR-11 / HVAC,02-01-TR-11,HVAC,,,,,,,,
218,ZONE-30,N171L03M046,C110-01-Y036-0203-RM-046,02-01-CI-04 / CIRCULATION,02-01-CI-04,CIRCULATION,,,,,,,,
219,ZONE-30,N171L03M033,C110-01-Y036-0203-MMM-033,02-01-CI-04 / CIRCULATION,02-01-CI-04,CIRCULATION,,,,,,,,
220,ZONE-30,N171L03M034,C110-01-Y036-0203-CM-034,02-01-CI-04 / CIRCULATION,02-01-CI-04,CIRCULATION,,,,,,,,
221,ZONE-30,N171L03M035,C110-01-Y036-0203-CM-035,02-01-CI-04 / CIRCULATION,02-01-CI-04,CIRCULATION,,,,,,,,
222,ZONE-30,N171L03D014,C110-01-Y036-0203-SHD-014,02-01-TR-05 / HVAC,02-01-TR-05,HVAC,,,,,,,,
223,ZONE-30,N171L03M040,C110-01-Y036-0203-RM-040,02-01-TR-05 / HVAC,02-01-TR-05,HVAC,,,,,,,,
224,ZONE-30,N171L03D015,C110-01-Y036-0203-SD-015,02-01-CI-04 / CIRCULATION,02-01-CI-04,CIRCULATION,,,,,,,,
225,ZONE-31,N171L03D016,C110-01-Y036-0203-LSD-016,02-01-TR-10 / COMMS ROOM,02-01-TR-10,COMMS ROOM,,,,,,,,
226,ZONE-31,N171L03M041,C110-01-Y036-0203-MM-041,02-01-TR-10 / COMMS ROOM,02-01-TR-10,COMMS ROOM,,,,,,,,
227,ZONE-31,N171L03M042,C110-01-Y036-0203-MM-042,02-01-TR-10 / COMMS ROOM,02-01-TR-10,COMMS ROOM,,,,,,,,
228,ZONE-31,N171L03M043,C110-01-Y036-0203-MM-043,02-01-TR-10 / COMMS ROOM,02-01-TR-10,COMMS ROOM,,,,,,,,
229,ZONE-31,N171L03M044,C110-01-Y036-0203-MM-044,02-01-TR-10 / COMMS ROOM,02-01-TR-10,COMMS ROOM,,,,,,,,
230,ZONE-04,N171L03D031,C110-02-Y036-0203-SD-031,02-ST-02 / STAIRS 02,02-ST-02,STAIRS 02,,,,,,,,
231,ZONE-36,N171L03M045,C110-02-Y036-0203-MP-045,02-02-TR-03 / PLENUM,02-02-TR-03,PLENUM,,,,,,,,
232,ZONE-36,N171L03D017,C110-02-Y036-0203-SHD-017,02-02-TR-03 / PLENUM,02-02-TR-03,PLENUM,,,,,,,,
233,ZONE-36,N171L03D018,C110-02-Y036-0203-SHD-018,02-02-TR-03 / PLENUM,02-02-TR-03,PLENUM,,,,,,,,
234,ZONE-36,N171L03D019,C110-02-Y036-0203-SHD-019,02-02-TR-03 / PLENUM,02-02-TR-03,PLENUM,,,,,,,,
235,ZONE-36,N171L03D020,C110-02-Y036-0203-SHD-020,02-02-TR-03 / PLENUM,02-02-TR-03,PLENUM,,,,,,,,
236,ZONE-36,N171L03D021,C110-02-Y036-0203-SHD-021,02-02-TR-03 / PLENUM,02-02-TR-03,PLENUM,,,,,,,,
237,ZONE-36,N171L03M047,C110-02-Y036-0203-MMM-047,02-02-TR-03 / PLENUM,02-02-TR-03,PLENUM,,,,,,,,
238,ZONE-36,N171L03M048,C110-02-Y036-0203-CM-048,02-02-TR-03 / PLENUM,02-02-TR-03,PLENUM,,,,,,,,
239,ZONE-36,N171L03M049,C110-02-Y036-0203-CM-049,02-02-TR-03 / PLENUM,02-02-TR-03,PLENUM,,,,,,,,
240,ZONE-15,N171L03D028,C110-02-Y036-0203-BD-028, / NO DESCRIPTION,,NO DESCRIPTION,,,,,,,,
241,ZONE-01,N171L03D029,C110-02-Y036-0203-BD-029, / NO DESCRIPTION,,NO DESCRIPTION,,,,,,,,
242,ZONE-35,N171L03D022,C110-02-Y036-0203-SHD-022,02-02-TR-02 / PLENUM,02-02-TR-02,PLENUM,,,,,,,,
243,ZONE-35,N171L03D023,C110-02-Y036-0203-SHD-023,02-02-TR-02 / PLENUM,02-02-TR-02,PLENUM,,,,,,,,
244,ZONE-35,N171L03D024,C110-02-Y036-0203-SHD-024,02-02-TR-02 / PLENUM,02-02-TR-02,PLENUM,,,,,,,,
245,ZONE-35,N171L03D025,C110-02-Y036-0203-SHD-025,02-02-TR-02 / PLENUM,02-02-TR-02,PLENUM,,,,,,,,
246,ZONE-35,N171L03D026,C110-02-Y036-0203-SHD-026,02-02-TR-02 / PLENUM,02-02-TR-02,PLENUM,,,,,,,,
247,ZONE-35,N171L03M051,C110-02-Y036-0203-MP-051,02-02-TR-02 / PLENUM,02-02-TR-02,PLENUM,,,,,,,,
248,ZONE-03,N171L03D027,C110-02-Y036-0203-SD-027,02-ST-01 / STAIRS 01,02-ST-01,STAIRS 01,,,,,,,,
249,ZONE-91,N171L04M001,C110-B1-Y036-0204-MP-001, / FLOOR VOID,,FLOOR VOID,,,,,,,,
250,ZONE-91,N171L04D001,C110-B1-Y036-0204-SD-001, / FLOOR VOID,,FLOOR VOID,,,,,,,,
251,ZONE-94,N171L04D002,C110-B1-Y036-0204-SD-002,02-ST-01 / STAIRS 01,02-ST-01,STAIRS 01,,,,,,,,
252,ZONE-91,N171L04D003,C110-B1-Y036-0204-SD-003, / FLOOR VOID,,FLOOR VOID,,,,,,,,
253,ZONE-91,N171L04D004,C110-B1-Y036-0204-SD-004, / FLOOR VOID,,FLOOR VOID,,,,,,,,
254,ZONE-91,N171L04D005,C110-B1-Y036-0204-SD-005, / FLOOR VOID,,FLOOR VOID,,,,,,,,
255,ZONE-91,N171L04D006,C110-B1-Y036-0204-SD-006, / FLOOR VOID,,FLOOR VOID,,,,,,,,
256,ZONE-91,N171L04D007,C110-B1-Y036-0204-SD-007, / FLOOR VOID,,FLOOR VOID,,,,,,,,
257,ZONE-91,N171L04D008,C110-B1-Y036-0204-SD-008, / FLOOR VOID,,FLOOR VOID,,,,,,,,
258,ZONE-91,N171L04D009,C110-B1-Y036-0204-SD-009, / FLOOR VOID,,FLOOR VOID,,,,,,,,
259,ZONE-91,N171L04D010,C110-B1-Y036-0204-SD-010, / FLOOR VOID,,FLOOR VOID,,,,,,,,
260,ZONE-91,N171L04M002,C110-B1-Y036-0204-MM-002, / FLOOR VOID,,FLOOR VOID,,,,,,,,
261,ZONE-91,N171L04M003,C110-B1-Y036-0204-CM-003, / FLOOR VOID,,FLOOR VOID,,,,,,,,
262,ZONE-91,N171L04D011,C110-B1-Y036-0204-SD-011, / FLOOR VOID,,FLOOR VOID,,,,,,,,
263,ZONE-91,N171L04D012,C110-B1-Y036-0204-SD-012, / FLOOR VOID,,FLOOR VOID,,,,,,,,
264,ZONE-91,N171L04D013,C110-B1-Y036-0204-SD-013, / FLOOR VOID,,FLOOR VOID,,,,,,,,
265,ZONE-91,N171L04D014,C110-B1-Y036-0204-SD-014, / FLOOR VOID,,FLOOR VOID,,,,,,,,
266,ZONE-91,N171L04D015,C110-B1-Y036-0204-SD-015, / FLOOR VOID,,FLOOR VOID,,,,,,,,
267,ZONE-103,N171L04D016,C110-B1-Y036-0204-SD-016,02-ST-02 / STAIRS 02,02-ST-02,STAIRS 02,,,,,,,,
268,ZONE-91,N171L04M004,C110-B1-Y036-0204-MP-004, / FLOOR VOID,,FLOOR VOID,,,,,,,,
269,ZONE-91,N171L04D017,C110-B1-Y036-0204-SD-017, / FLOOR VOID,,FLOOR VOID,,,,,,,,
13,ZONE-03,N171L01D002,C110-GF-Y036-0201-SD-002,STAIRS 01/02-ST-01,
79,ZONE-02,N171L01D005,C110-GF-Y036-0201-SD-005,CIRCULATION/02-GF-CI-01,
30,ZONE-12,N171L01M017,C110-GF-Y036-0201-MM-017,AUX TRANSFORMER/02-GF-TR-05,
34,ZONE-02,N171L01M031,C110-GF-Y036-0201-MP-031,CIRCULATION/02-GF-CI-01,
48,ZONE-17,N171L01M033,C110-GF-Y036-0201-MM-033,PANEL ROOM/02-GF-TR-16,
49,ZONE-17,N171L01M034,C110-GF-Y036-0201-MM-034,PANEL ROOM/02-GF-TR-16,
57,ZONE-16,N171L01M055,C110-GF-Y036-0201-MM-055,CIRCULATION/02-GF-CI-04,
58,ZONE-16,N171L01M056,C110-GF-Y036-0201-MM-056,CIRCULATION/02-GF-CI-04,
176,ZONE-30,N171L02D025,C110-01-Y036-0202-SD-025,ACC WC/02-01-TO-02,
144,ZONE-01,N171L02M045,C110-GF-Y036-0202-MM-045,GENERATOR HALL/02-GF-TR-28,
145,ZONE-01,N171L02M046,C110-GF-Y036-0202-MM-046,GENERATOR HALL/02-GF-TR-28,
